model,accuracy,f1,precision,recall,inference_time_ms,model_size_mb,topsis_score,rank
albert-base-v2,0.0958515743918369,0.09585235453669394,0.0574937043876943,0.05751094463510214,0.02736028036927531,0.00413346006713975,0.7904552037631654,1.0
distilbert-base-uncased,0.10122061894798343,0.1012212173080254,0.06072559658945758,0.060732371368790054,0.01850432108082575,0.02368446475183936,0.7451142647649462,2.0
roberta-base,0.10427249690621408,0.1042748787743936,0.0625451118130691,0.06256349814372845,0.02498178634820176,0.04409231668073127,0.528556621592151,3.0
bert-base-uncased,0.1012771352064692,0.10126926589973242,0.06083727996140189,0.060766281123881515,0.03266721842659944,0.03872846379888833,0.51877491188426,4.0
xlnet-base-cased,0.10359430180438506,0.10359492791263165,0.06215788142974364,0.06215658108263104,0.057246392781611845,0.041497052976302296,0.3377921125805712,5.0
microsoft/deberta-v3-base,0.10585495214381517,0.1058582431742795,0.06348391927086337,0.0635129712862891,0.06277434877453862,0.0652374810448603,0.17939193045378915,6.0
